City_ID,City,Lat,Lng,Max Temp,Humidity,Cloudiness,Wind Speed,Country,Date
0,bargarh,21.3333,83.6167,26.54,29,0,1.99,IN,1708230240
1,cabo san lucas,22.8909,-109.9124,20.98,64,0,3.02,MX,1708229916
2,vernon,50.2581,-119.2691,-2.06,75,79,1.03,CA,1708230241
3,kodiak,57.79,-152.4072,3.73,100,100,3.6,US,1708230241
4,margaret river,-33.95,115.0667,29.89,44,94,1.64,AU,1708230242
5,mangrol,21.1167,70.1167,25.33,41,3,3.47,IN,1708230242
6,chui,-33.6971,-53.4616,22.21,97,37,3.34,UY,1708230243
7,hawaiian paradise park,19.5933,-154.9731,21.73,75,100,4.63,US,1708230243
8,thompson,55.7435,-97.8558,-15.91,66,100,7.2,CA,1708230244
9,waitangi,-43.9535,-176.5597,19.34,90,35,7.36,NZ,1708230244
10,husainabad,24.5333,84.0167,22.26,25,0,2.02,IN,1708230244
11,lorengau,-2.0226,147.2712,29.01,78,35,1.4,PG,1708230245
12,longyearbyen,78.2186,15.6401,-14.09,66,75,8.75,SJ,1708230062
13,kyaikkami,16.08,97.5675,28.85,51,29,2.45,MM,1708230246
14,lerwick,60.1545,-1.1494,8.0,98,100,7.43,GB,1708230246
15,petropavlovsk-kamchatsky,53.0452,158.6483,-4.67,30,0,7.0,RU,1708230180
16,aasiaat,68.7098,-52.8699,-14.99,99,100,1.82,GL,1708230247
17,wotho,10.1657,166.0102,26.72,80,37,8.64,MH,1708230248
18,nizhneangarsk,55.7833,109.55,-27.22,67,82,0.45,RU,1708230248
19,jiwani,25.05,61.7417,23.61,72,34,6.28,PK,1708230249
20,mariental,-24.6333,17.9667,21.7,21,55,3.02,NA,1708230249
21,adamstown,-25.066,-130.1015,24.37,79,100,4.84,PN,1708230250
22,port mathurin,-19.6833,63.4167,26.27,73,12,9.84,MU,1708230250
23,blackmans bay,-43.0167,147.3167,25.29,39,13,3.85,AU,1708230251
24,college,64.8569,-147.8028,-10.82,69,75,1.54,US,1708230251
25,papatowai,-46.5619,169.4708,20.84,52,43,2.39,NZ,1708230251
26,cestos city,5.46,-9.5828,27.47,86,60,2.39,LR,1708230252
27,hithadhoo,-0.6,73.0833,28.09,78,100,7.65,MV,1708230253
28,puerto ayora,-0.7393,-90.3518,24.19,100,54,0.89,EC,1708230253
29,fale old settlement,-9.3852,-171.2468,26.82,88,100,8.25,TK,1708230254
30,hermanus,-34.4187,19.2345,15.45,77,0,4.95,ZA,1708230254
31,albany,42.6001,-73.9662,-5.77,68,91,4.07,US,1708230241
32,iqaluit,63.7506,-68.5145,-30.15,67,0,10.8,CA,1708230255
33,bethel,41.3712,-73.414,-3.62,58,0,4.63,US,1708230087
34,kulhudhuffushi,6.6221,73.07,28.01,72,69,3.86,MV,1708230256
35,vuktyl,63.8567,57.3094,-13.83,84,100,8.49,RU,1708230256
36,port alfred,-33.5906,26.891,15.66,85,0,2.41,ZA,1708230257
37,stanley,54.868,-1.6985,10.01,94,75,4.63,GB,1708230257
38,enewetak,11.3474,162.3373,26.71,77,15,8.03,MH,1708230258
39,port-aux-francais,-49.35,70.2167,4.96,82,72,17.87,TF,1708230258
40,sinop,41.7711,34.8709,3.43,97,100,0.97,TR,1708230259
41,mukdahan,16.5833,104.5,28.86,32,89,5.6,TH,1708230260
42,grytviken,-54.2811,-36.5092,4.6,84,100,3.08,GS,1708230261
43,san bernardo del viento,9.3533,-75.9524,27.75,84,71,3.67,CO,1708230261
44,togur,58.3631,82.8265,-28.25,95,36,1.79,RU,1708230262
45,port antonio,18.18,-76.4612,26.95,79,24,5.67,JM,1708230262
46,fort st. john,56.2499,-120.8529,-0.06,29,0,3.09,CA,1708230263
47,invercargill,-46.4,168.35,21.68,46,94,6.26,NZ,1708230194
48,alice springs,-23.7,133.8833,34.56,36,75,9.26,AU,1708230188
49,iaciara,-14.0958,-46.6317,21.08,96,89,1.14,BR,1708230265
50,ust'-ilimsk,58.0006,102.6619,-27.53,91,100,0.93,RU,1708230265
51,faya-largeau,17.9257,19.1043,16.84,21,87,7.88,TD,1708230266
52,san antonio de pale,-1.4014,5.6325,28.35,76,100,2.37,GQ,1708230266
53,utrik,11.2278,169.8474,26.44,81,97,7.42,MH,1708230267
54,tlemcen,34.8783,-1.315,7.37,93,40,0.0,DZ,1708230267
55,holualoa,19.6228,-155.9522,24.91,72,75,6.69,US,1708230269
56,verdal,63.7933,11.4817,-4.98,92,38,2.1,NO,1708230269
57,kiunga,-6.1219,141.2906,30.18,80,89,0.51,PG,1708230270
58,sisimiut,66.9395,-53.6735,-11.15,92,100,5.91,GL,1708230270
59,carutapera,-1.195,-46.02,24.97,95,72,2.6,BR,1708230271
60,zuwarah,32.9312,12.082,16.72,72,100,8.2,LY,1708230271
61,brookings,44.3114,-96.7984,-3.79,76,0,8.23,US,1708230003
62,belyy yar,53.6039,91.3903,-22.06,64,0,2.0,RU,1708230272
63,bredasdorp,-34.5322,20.0403,15.35,77,0,2.43,ZA,1708230272
64,talnakh,69.4865,88.3972,-24.89,97,100,4.42,RU,1708230193
65,qaqortoq,60.7167,-46.0333,-0.79,96,100,1.09,GL,1708230274
66,inhambane,-23.865,35.3833,27.07,80,99,4.28,MZ,1708230275
67,olonkinbyen,70.9221,-8.7187,-1.4,93,17,4.46,SJ,1708230275
68,vorgashor,67.5833,63.95,-18.31,79,100,6.34,RU,1708230275
69,igarka,67.4667,86.5833,-27.67,92,100,4.21,RU,1708230276
70,bikenibeu village,1.3673,173.1241,30.98,74,75,4.12,KI,1708230277
71,buerarema,-14.9594,-39.2997,23.5,99,100,1.06,BR,1708230278
72,shitanjing,39.2342,106.3439,-7.2,30,99,8.97,CN,1708230279
73,olonets,60.9847,32.9698,-6.04,89,100,6.11,RU,1708230279
74,saquarema,-22.92,-42.5103,23.59,92,8,3.84,BR,1708230281
75,katsuren-haebaru,26.3369,127.8719,24.21,66,20,7.2,JP,1708230282
76,anadyr,64.75,177.4833,-9.72,67,20,11.0,RU,1708230283
77,punta arenas,-53.15,-70.9167,10.06,81,100,6.69,CL,1708230201
78,jamestown,42.097,-79.2353,-5.23,70,87,5.81,US,1708230283
79,edinburgh of the seven seas,-37.0676,-12.3116,15.46,63,67,8.32,SH,1708230284
80,manokwari,-0.8667,134.0833,28.11,80,95,4.67,ID,1708230284
81,puerto natales,-51.7236,-72.4875,8.59,91,100,2.12,CL,1708230012
82,bilibino,68.0546,166.4372,-23.61,87,88,1.19,RU,1708230285
83,port elizabeth,-33.918,25.5701,16.29,76,0,2.57,ZA,1708230286
84,lompoc,34.6391,-120.4579,13.11,88,100,10.8,US,1708230230
85,isafjordur,66.0755,-23.124,3.56,93,100,3.18,IS,1708230286
86,ushuaia,-54.8,-68.3,9.81,76,20,5.14,AR,1708230287
87,udachny,66.4167,112.4,-31.42,67,100,5.43,RU,1708230287
88,kuta,-8.7233,115.1723,30.97,70,40,3.6,ID,1708230288
89,waddan,29.1614,16.139,14.15,37,100,6.3,LY,1708230288
90,prince rupert,54.3161,-130.3201,8.05,61,100,3.6,CA,1708230289
91,ust-tsilma,65.441,52.1498,-12.44,92,100,7.6,RU,1708230289
92,lepsy,46.235,78.9456,-21.62,77,3,5.72,KZ,1708230290
93,praia da vitoria,38.7333,-27.0667,14.31,77,0,2.7,PT,1708230290
94,azemmour,33.2895,-8.3425,14.43,90,5,5.77,MA,1708230290
95,vilyuchinsk,52.9306,158.4028,-3.85,66,10,5.75,RU,1708230291
96,la'ie,21.6477,-157.9253,23.98,62,0,1.79,US,1708230292
97,nkhotakota,-12.9274,34.2961,23.36,89,100,1.68,MW,1708230292
98,iskateley,67.6803,53.1512,-13.32,93,100,12.52,RU,1708230293
99,lihue,21.9789,-159.3672,22.58,62,75,8.75,US,1708230293
100,vorsma,55.9856,43.2717,-8.09,87,98,8.52,RU,1708230293
101,hirara,24.8,125.2833,24.92,73,75,7.72,JP,1708230294
102,nar'yan-mar,67.6713,53.087,-13.27,93,100,12.52,RU,1708230294
103,lebu,-37.6167,-73.65,13.75,83,0,9.71,CL,1708230295
104,kingston,17.997,-76.7936,26.53,75,20,7.72,JM,1708230295
105,tiksi,71.6872,128.8694,-37.74,99,67,2.01,RU,1708230295
106,east london,-33.0153,27.9116,19.52,59,75,3.09,ZA,1708230296
107,yanam,16.7333,82.2167,29.46,46,3,0.85,IN,1708230296
108,labrador city,52.9463,-66.9114,-23.79,72,40,2.06,CA,1708230297
109,djenne,13.9061,-4.5533,23.26,10,4,3.49,ML,1708230297
110,newnham,-41.3833,147.1333,28.81,39,5,4.63,AU,1708230297
111,san javier,37.8063,-0.8374,11.18,74,0,1.79,ES,1708230298
112,singkil,-7.9855,111.4161,29.87,65,97,1.85,ID,1708230298
113,surab,28.4914,66.2585,12.89,51,84,2.26,PK,1708230299
114,port macquarie,-31.4333,152.9167,30.5,60,32,5.41,AU,1708230299
115,tazovsky,67.4667,78.7,-24.33,85,100,4.91,RU,1708230300
116,wailua homesteads,22.0669,-159.378,22.24,63,75,8.75,US,1708230300
117,susuman,62.7833,148.1667,-36.12,93,91,0.89,RU,1708230300
118,new mirpur,33.1418,73.7674,17.2,28,100,1.2,PK,1708230301
119,acarau,-2.8856,-40.12,26.08,89,99,3.4,BR,1708230217
120,chernyshevskiy,63.0128,112.4714,-33.63,93,99,3.04,RU,1708230302
121,oranjemund,-28.55,16.4333,15.71,92,5,2.91,NA,1708230302
122,bantay,17.5847,120.3892,28.87,85,40,3.74,PH,1708230303
123,kangding,30.0513,101.9603,13.61,26,0,2.51,CN,1708230303
124,ilhabela,-23.7781,-45.3581,23.51,88,5,1.75,BR,1708230303
125,enid,36.3956,-97.8784,-1.5,61,0,1.54,US,1708230304
126,sept-iles,50.2001,-66.3821,-11.0,47,75,3.6,CA,1708230174
127,al burayqah,30.4062,19.5739,14.59,57,92,4.21,LY,1708230305
128,brezina,33.0989,1.2608,9.98,71,65,9.28,DZ,1708230305
129,marsh harbour,26.5412,-77.0636,23.1,78,100,3.78,BS,1708230306
130,mount pearl,47.5166,-52.7813,-2.31,90,100,4.63,CA,1708230087
131,arno,60.1167,18.6333,-1.23,83,5,3.68,SE,1708230307
132,whitehorse,60.7161,-135.0538,-5.57,63,0,3.09,CA,1708230307
133,sao bernardo,-3.3614,-42.4178,24.01,99,100,1.25,BR,1708230308
134,zhongshu,24.5167,103.7667,20.35,19,0,9.66,CN,1708230308
135,saipan,15.1355,145.701,26.39,89,100,5.66,MP,1708230308
136,uturoa,-16.7333,-151.4333,28.16,83,85,7.5,PF,1708230309
137,yellowknife,62.456,-114.3525,-19.21,92,0,5.66,CA,1708230309
138,georgetown,5.4112,100.3354,32.19,72,40,2.06,MY,1708230265
139,saldanha,-33.0117,17.9442,13.03,79,0,4.38,ZA,1708230310
140,nadi,-17.8,177.4167,29.0,84,40,0.0,FJ,1708230311
141,naryshkino,52.9678,35.7268,-1.57,98,100,5.43,RU,1708230311
142,west island,-12.1568,96.8225,29.99,74,75,3.6,CC,1708230311
143,vorkuta,67.5,64.0,-18.03,79,100,6.29,RU,1708230312
144,badger,64.8,-147.5333,-10.86,74,75,1.54,US,1708230312
145,santa sylvina,-27.8326,-61.1375,22.81,64,0,3.18,AR,1708230313
146,ancud,-41.8697,-73.8203,10.84,84,82,2.08,CL,1708230313
147,chilecito,-29.1619,-67.4974,25.62,49,98,5.65,AR,1708230314
148,bonthe,7.5264,-12.505,25.55,92,4,1.7,SL,1708230314
149,ola,59.5833,151.2833,-19.45,58,100,1.0,RU,1708230314
150,osorio,-29.8867,-50.2697,21.85,95,32,2.6,BR,1708230199
151,taulaga,-11.0553,-171.0883,26.92,88,99,8.34,AS,1708230315
152,atafu village,-8.5421,-172.5159,27.47,85,100,7.1,TK,1708230316
153,priladozhskiy,59.85,31.4833,-6.25,88,100,5.42,RU,1708230316
154,talcahuano,-36.7167,-73.1167,14.82,72,0,4.63,CL,1708230317
155,myeik,12.4333,98.6,30.0,62,96,0.62,MM,1708230317
156,chandur bazar,21.2417,77.7456,28.02,25,3,2.39,IN,1708230318
157,avarua,-21.2078,-159.775,27.03,69,40,4.12,CK,1708230318
158,la fria,8.2203,-72.2439,30.06,57,64,1.65,VE,1708230319
159,ploneour-lanvern,47.9,-4.2833,12.18,100,100,5.66,FR,1708230319
160,christchurch,-43.5333,172.6333,23.04,68,26,8.23,NZ,1708230034
161,jianshui,23.6363,102.8264,22.85,18,0,6.22,CN,1708230320
162,jinxiang,27.4327,120.6062,16.83,81,100,4.45,CN,1708230320
163,yeppoon,-23.1333,150.7333,30.88,62,57,6.88,AU,1708230321
164,yemetsk,63.4721,41.7941,-7.78,89,100,3.88,RU,1708230321
165,salinopolis,-0.6136,-47.3561,25.94,89,69,4.21,BR,1708230134
166,palmerston north,-40.35,175.6167,25.58,65,85,3.13,NZ,1708230322
167,turpan,42.9333,89.1667,-5.33,27,0,1.37,CN,1708230322
168,enkoping,59.6361,17.0777,-4.98,87,5,1.89,SE,1708230323
169,puerto deseado,-47.7503,-65.8938,14.83,58,42,2.78,AR,1708230323
170,island harbour,50.724,-1.2758,11.37,95,100,4.02,GB,1708230324
171,bereeda,11.8704,51.0579,24.78,70,43,0.75,SO,1708230324
172,hammamet,36.4,10.6167,14.92,91,66,3.52,TN,1708230325
173,fort mcmurray,56.7268,-111.381,-4.23,54,0,4.12,CA,1708230098
174,nizhnegorskiy,45.4479,34.7384,2.64,88,100,1.84,UA,1708230326
175,andergrove,-21.0833,149.1833,31.47,66,98,7.94,AU,1708230331
176,siwa oasis,29.2041,25.5195,11.79,75,62,3.88,EG,1708230332
177,kailua-kona,19.6406,-155.9956,26.98,70,75,6.69,US,1708230332
178,andalgala,-27.5819,-66.3165,22.18,66,79,0.69,AR,1708230333
179,gadzhiyevo,69.2551,33.3362,-0.94,68,100,14.24,RU,1708230333
180,afaahiti,-17.75,-149.2833,28.93,81,95,8.2,PF,1708230334
181,castelo do piaui,-5.3222,-41.5525,23.04,93,18,1.15,BR,1708230334
182,nova xavantina,-14.6667,-52.35,23.38,94,97,1.02,BR,1708230334
183,figuig (centre),32.1089,-1.2286,9.83,66,45,5.03,MA,1708230335
184,energetik,51.7445,58.7934,-21.21,91,100,1.25,RU,1708230335
185,mil'kovo,55.6078,37.7956,-0.73,97,100,5.27,RU,1708230336
186,geraldton,-28.7667,114.6,48.23,7,32,10.29,AU,1708230336
187,ust-nera,64.5667,143.2,-34.78,93,70,0.31,RU,1708230337
188,ishikawa,26.4233,127.8214,24.18,66,20,7.2,JP,1708230337
189,chonchi,-42.6128,-73.8092,10.62,90,95,1.46,CL,1708230338
190,tofol,5.3248,163.0078,28.12,75,55,4.19,FM,1708230338
191,hamilton,39.1834,-84.5333,-6.65,66,0,4.47,US,1708230339
192,owensboro,37.7742,-87.1133,-6.97,73,0,2.06,US,1708230301
193,madinat ash shamal,26.1293,51.2009,19.32,64,0,11.86,QA,1708230340
194,wickenburg,33.9686,-112.7296,13.02,49,2,1.17,US,1708230341
195,ghatanji,20.1333,78.3167,29.26,19,0,3.88,IN,1708230341
196,weno,7.4515,151.8468,27.68,80,22,9.44,FM,1708230342
197,chiredzi,-21.05,31.6667,20.8,93,0,2.45,ZW,1708230342
198,north bend,43.4065,-124.2243,11.07,100,100,0.0,US,1708230303
199,dordrecht,51.81,4.6736,10.57,87,100,2.68,NL,1708230343
200,la ronge,55.1001,-105.2842,-6.86,68,0,2.06,CA,1708230344
201,bubaque,11.2833,-15.8333,25.98,79,1,5.28,GW,1708230344
202,barranca,-10.75,-77.7667,24.16,81,100,2.44,PE,1708230345
203,luderitz,-26.6481,15.1594,15.34,76,1,4.88,NA,1708230345
204,kapa'a,22.0752,-159.319,22.99,62,75,8.75,US,1708230346
205,tolanaro,-25.0319,46.9987,26.04,83,75,9.26,MG,1708230346
206,manakara,-22.1333,48.0167,24.76,86,100,5.33,MG,1708230347
207,khandyga,62.6667,135.6,-26.16,92,100,1.65,RU,1708230347
208,puerto baquerizo moreno,-0.9,-89.6,26.83,83,68,2.56,EC,1708230347
209,oued el abtal,35.456,0.6878,11.18,92,81,1.94,DZ,1708230348
210,ilebo,-4.3167,20.5833,21.67,99,100,0.49,CD,1708230348
211,woolgoolga,-30.1106,153.2007,30.02,60,15,3.92,AU,1708230349
212,rikaze,29.25,88.8833,2.71,34,6,0.89,CN,1708230349
213,eno,62.8051,30.1542,-5.84,89,100,5.91,FI,1708230349
214,ocotal,13.6321,-86.4752,23.37,75,58,1.03,NI,1708230350
215,mount isa,-20.7333,139.5,30.87,66,75,4.63,AU,1708230350
216,ambovombe,-25.1667,46.0833,24.28,83,57,8.97,MG,1708230351
217,minas de marcona,-15.2119,-75.1103,19.3,82,100,4.5,PE,1708230351
218,mountain home,43.133,-115.6912,4.71,38,75,8.75,US,1708230351
219,bryan,30.6744,-96.37,4.35,65,0,4.47,US,1708230352
220,vadso,70.0744,29.7487,-2.51,80,20,12.35,NO,1708230352
221,soure,-0.7167,-48.5233,25.97,88,92,3.06,BR,1708230353
222,kavaratti,10.5669,72.642,27.86,73,86,2.56,IN,1708230353
223,carnarvon,-24.8667,113.6333,39.31,26,0,7.43,AU,1708230354
224,george town,5.4112,100.3354,32.19,72,40,2.06,MY,1708230229
225,westport,41.1415,-73.3579,-2.36,56,0,4.63,US,1708230339
226,sorong,-0.8833,131.25,28.89,74,90,4.99,ID,1708230355
227,tarawa,1.419,172.984,31.05,74,75,4.12,KI,1708230355
228,derecske,47.35,21.5667,6.05,93,88,2.06,HU,1708230356
229,alakurtti,66.9672,30.3491,-5.98,80,99,7.32,RU,1708230356
230,st. john's,47.5649,-52.7093,-1.85,90,100,4.63,CA,1708230356
231,severomorsk,69.0689,33.4162,-2.78,72,100,12.22,RU,1708230357
232,muisne,0.6,-80.0333,25.45,94,100,2.13,EC,1708230357
233,klaksvik,62.2266,-6.589,6.51,98,100,3.02,FO,1708230358
234,mahina,-17.5065,-149.489,29.87,74,75,3.6,PF,1708230359
235,recreo,-29.2818,-65.061,27.49,47,55,5.37,AR,1708230359
236,sahiwal,30.6667,73.1,20.59,16,100,4.75,PK,1708230359
237,arroyo seco,-33.1549,-60.5086,22.4,10,9,2.08,AR,1708230360
238,pathein,16.7833,94.7333,30.66,27,0,6.16,MM,1708230360
239,chimoio,-19.1164,33.4833,21.92,100,75,1.56,MZ,1708230361
240,namibe,-15.1961,12.1522,24.49,88,84,1.97,AO,1708230361
241,maceio,-9.6658,-35.7353,26.69,100,20,1.03,BR,1708230361
242,tchintabaraden,15.8969,5.7985,17.41,19,3,5.1,NE,1708230362
243,berdigestyakh,62.0989,126.6992,-30.36,89,100,3.69,RU,1708230362
244,malango,-2.9627,119.9001,22.24,94,100,0.49,ID,1708230363
245,bechar,31.6167,-2.2167,9.18,53,0,1.54,DZ,1708230363
246,vila do maio,15.1333,-23.2167,22.44,81,1,8.02,CV,1708230364
247,buka,40.8108,69.1986,1.4,93,100,1.84,UZ,1708230364
248,tarnogskiy gorodok,60.4997,43.5761,-6.14,94,100,5.45,RU,1708230365
249,wewak,-3.5534,143.6268,29.06,80,45,3.14,PG,1708230365
250,taos,36.4072,-105.5731,-1.52,74,0,3.13,US,1708230366
251,port augusta,-32.5,137.7667,36.52,16,2,5.66,AU,1708230104
252,greymouth,-42.4667,171.2,17.62,65,0,3.39,NZ,1708230367
253,tocopilla,-22.092,-70.1979,21.53,83,61,0.47,CL,1708230367
254,chateaubourg,48.1112,-1.4002,10.84,89,100,5.49,FR,1708230368
255,sitka,57.0531,-135.33,9.94,53,100,5.14,US,1708230368
256,changling,44.2653,124.0005,4.28,87,100,6.91,CN,1708230369
257,queenstown,-31.8976,26.8753,8.05,96,33,0.64,ZA,1708230369
258,huarmey,-10.0681,-78.1522,24.17,85,99,2.66,PE,1708230370
259,tura,25.5198,90.2201,24.15,24,3,2.09,IN,1708230370
260,fada,9.5667,8.3,20.47,21,100,2.23,NG,1708230371
261,ballina,-28.8667,153.5667,28.77,60,26,4.15,AU,1708230371
262,coquimbo,-29.9533,-71.3436,16.85,94,0,2.06,CL,1708230196
263,hadibu,12.65,54.0333,24.27,60,45,2.73,YE,1708230372
264,dampit,-8.2116,112.7493,29.55,62,86,2.67,ID,1708230372
265,mukalla,14.5425,49.1242,23.68,74,19,1.09,YE,1708230373
266,ribeira grande,38.5167,-28.7,14.87,95,100,1.79,PT,1708230373
267,colonia,50.9333,6.95,9.92,84,0,2.57,DE,1708230114
268,pangody,65.85,74.4859,-26.1,87,83,5.03,RU,1708230375
269,hidalgo,20.5,-99.0,7.66,93,98,3.02,MX,1708230375
270,rongelap,11.1635,166.8941,26.55,78,21,7.86,MH,1708230376
271,sidi bennour,32.6524,-8.4277,10.78,90,3,4.43,MA,1708230376
272,fort bragg,35.139,-79.006,6.01,46,99,2.24,US,1708230376
273,alampur,15.8833,78.15,28.02,24,3,4.92,IN,1708230377
274,marquette,46.5333,-87.6335,-6.09,73,96,3.13,US,1708230377
275,athni,16.7333,75.0667,26.65,29,10,4.74,IN,1708230378
276,shizunai-furukawacho,42.3339,142.3669,4.91,74,96,4.31,JP,1708230378
277,korla,41.7597,86.1469,-7.94,37,32,0.54,CN,1708230379
278,smithers,54.7804,-127.1743,-1.82,50,75,1.54,CA,1708230259
279,parabel',58.6978,81.4825,-30.61,98,89,1.79,RU,1708230384
280,kudymkar,59.0173,54.656,-16.66,92,97,5.05,RU,1708230384
281,illizi,26.4833,8.4667,11.89,23,39,1.8,DZ,1708230385
282,embi,48.8264,58.1442,-13.84,70,100,4.96,KZ,1708230385
283,medvezh'yegorsk,62.9167,34.4667,-5.1,88,91,5.81,RU,1708230386
284,williams lake,52.1415,-122.1445,-0.24,88,40,3.09,CA,1708230386
285,fortuna,40.5982,-124.1573,10.52,96,100,5.66,US,1708230387
286,altamira,-3.2033,-52.2064,23.21,98,98,1.37,BR,1708230387
287,brooks,50.5834,-111.8851,-10.54,86,6,2.06,CA,1708230388
288,nema,57.5067,50.5011,-11.25,90,100,6.48,RU,1708230388
289,daru,-9.0763,143.2092,30.39,69,45,1.78,PG,1708230388
290,qashar,53.3906,62.9297,-25.12,96,39,2.44,KZ,1708230389
291,anloga,5.7947,0.8973,27.64,87,34,3.45,GH,1708230189
292,thames,-37.1333,175.5333,24.04,49,100,2.99,NZ,1708230390
293,suva,-18.1416,178.4415,30.71,66,75,5.66,FJ,1708230390
294,garden city,42.3256,-83.331,-6.86,72,20,10.29,US,1708230181
295,remire-montjoly,4.9167,-52.2667,27.02,83,75,4.63,GF,1708230391
296,diss,52.3768,1.1091,11.28,97,100,5.93,GB,1708230392
297,salekhard,66.53,66.6019,-25.49,95,100,2.65,RU,1708230279
298,tokmak,47.2514,35.7058,0.73,80,89,0.42,UA,1708230393
299,cooper's town,26.8667,-77.5167,23.01,82,100,4.93,BS,1708230393
300,mar del plata,-38.0023,-57.5575,21.16,89,0,1.54,AR,1708230310
301,sechura,-5.5569,-80.8222,27.08,67,34,6.08,PE,1708230394
302,banes,20.9625,-75.7186,23.35,88,0,1.41,CU,1708230394
303,tyuratam,45.6507,63.3156,-11.88,36,100,10.91,KZ,1708230395
304,ta'izz,13.5,44.0,17.44,88,67,1.48,YE,1708230395
305,north battleford,52.7834,-108.2847,-9.95,85,0,1.03,CA,1708230396
306,pisco,-13.7,-76.2167,23.03,83,0,4.63,PE,1708230396
307,zyryanskoye,56.8306,86.6258,-22.16,94,98,1.66,RU,1708230396
308,kristiansund,63.1115,7.732,-0.64,59,44,3.6,NO,1708230397
309,quang ngai,15.1167,108.8,27.04,68,8,3.62,VN,1708230397
310,ta`u,-14.2336,-169.5144,28.17,82,61,8.54,AS,1708230398
311,saint-joseph,-21.3667,55.6167,27.21,79,93,7.34,RE,1708230398
312,heber springs,35.4915,-92.0313,0.53,46,6,1.73,US,1708230399
313,talara,-4.5772,-81.2719,25.39,83,40,4.95,PE,1708230399
314,sona,45.4388,10.8255,15.14,100,21,1.54,IT,1708230399
315,port nelson,23.6333,-74.8333,25.2,82,6,5.51,BS,1708230400
316,rawai,7.7797,98.3253,31.06,69,73,6.64,TH,1708230400
317,bereket,39.2446,55.5154,-4.05,96,99,3.66,TM,1708230401
318,salalah,17.0151,54.0924,23.05,73,75,1.54,OM,1708230401
319,quillacollo,-17.4,-66.2833,16.04,80,100,2.57,BO,1708230402
320,saint-pierre,-21.3393,55.4781,27.82,61,0,12.86,RE,1708230402
321,broome,42.2506,-75.833,-7.43,82,40,3.09,US,1708230403
322,itoman,26.1247,127.6694,24.21,60,75,6.69,JP,1708230403
323,arraial do cabo,-22.9661,-42.0278,24.58,89,19,6.41,BR,1708230326
324,farim,12.4839,-15.2217,20.92,88,1,1.54,GW,1708230404
325,glace bay,46.1969,-59.957,-5.12,84,100,1.03,CA,1708230404
326,aldama,22.9167,-98.0667,15.83,73,100,5.04,MX,1708230405
327,ilulissat,69.2167,-51.1,-9.99,92,93,0.51,GL,1708230405
328,keflavik,64.0049,-22.5624,6.24,100,75,6.69,IS,1708230406
329,lyubashivka,47.8372,30.2598,2.51,80,100,2.71,UA,1708230407
330,cockburn town,21.4612,-71.1419,25.74,81,0,7.43,TC,1708230407
331,kapuskasing,49.4169,-82.4331,-11.95,85,100,3.09,CA,1708230407
332,van,38.4924,43.3831,-0.36,100,75,0.0,TR,1708230408
333,tindouf,27.6711,-8.1474,15.94,28,0,6.04,DZ,1708230409
334,strezhevoy,60.7333,77.5889,-32.8,99,22,1.34,RU,1708230409
335,dubovskoye,47.4092,42.7575,-2.51,79,97,5.44,RU,1708230410
336,san patricio,28.017,-97.5169,8.92,64,98,6.0,US,1708230410
337,sultanah,24.4926,39.5857,12.25,26,0,1.54,SA,1708230410
338,les avirons,-21.2418,55.3394,26.05,61,0,12.86,RE,1708230411
339,dudinka,69.4058,86.1778,-24.62,90,100,4.92,RU,1708230411
340,porto velho,-8.7619,-63.9039,26.03,94,40,1.03,BR,1708230412
341,belmonte,-15.8631,-38.8828,25.23,92,100,4.75,BR,1708230412
342,kilindoni,-7.9139,39.6668,28.31,82,100,4.54,TZ,1708230412
343,pikeville,37.4793,-82.5188,-4.37,91,0,0.0,US,1708230138
344,ungsang-nodongjagu,42.3578,130.4622,4.67,72,6,1.63,KP,1708230414
345,camapua,-19.5314,-54.0439,22.31,94,78,0.51,BR,1708230414
346,lokomotivnyy,53.0118,60.5684,-18.8,82,98,3.01,RU,1708230415
347,paragominas,-2.9667,-47.4833,23.18,99,91,1.15,BR,1708230415
348,heber city,40.5069,-111.4132,1.58,81,90,1.52,US,1708230415
349,ha'il,27.5219,41.6907,4.01,65,0,2.06,SA,1708230416
350,poso,-1.3959,120.7524,29.68,56,95,1.2,ID,1708230416
351,antsiranana,-12.2787,49.2917,27.42,83,40,3.09,MG,1708230417
352,leava,-14.3,-178.1667,28.64,83,92,8.1,WF,1708230417
353,vangaindrano,-23.35,47.6,24.35,91,100,4.59,MG,1708230418
354,kuroishi,40.6389,140.5922,9.87,75,0,1.54,JP,1708230418
355,usogorsk,63.4106,48.6872,-9.07,93,100,6.31,RU,1708230418
356,juan griego,11.0817,-63.9655,25.07,94,5,0.0,VE,1708230419
357,puerto madryn,-42.7692,-65.0385,17.74,62,0,5.5,AR,1708230239
358,virginia,37.5481,-77.4467,-0.4,67,0,0.0,US,1708230420
359,sao jose da coroa grande,-8.8978,-35.1478,26.64,85,26,2.52,BR,1708230420
360,atambua,-9.1061,124.8925,28.72,68,96,2.53,ID,1708230421
361,holywood,54.6386,-5.8247,10.68,97,100,3.6,GB,1708230422
362,canubing no 2,13.35,121.1333,28.94,76,67,3.3,PH,1708230422
363,liepaja,56.5419,21.0367,-0.01,69,20,1.54,LV,1708230422
364,susanville,40.4163,-120.653,3.91,91,100,2.06,US,1708230423
365,lubango,-14.9172,13.4925,16.92,94,20,0.0,AO,1708230423
366,chibougamau,49.9168,-74.3659,-26.21,76,0,1.03,CA,1708230424
367,howard springs,-12.497,131.047,33.32,78,76,5.27,AU,1708230425
368,sungailiat,-1.85,106.1333,29.77,67,95,3.6,ID,1708230425
369,aleg,17.0481,-13.9209,25.9,11,32,4.73,MR,1708230426
370,mount gambier,-37.8333,140.7667,24.47,39,100,3.74,AU,1708230426
371,villa ojo de agua,-29.5,-63.6938,21.63,53,71,4.05,AR,1708230427
372,haiku-pauwela,20.9219,-156.3051,21.13,70,20,5.66,US,1708230427
373,alofi,-19.0595,-169.9187,28.94,61,63,7.72,NU,1708230428
374,mount pleasant,32.7941,-79.8626,11.12,57,40,3.6,US,1708230428
375,mokhsogollokh,61.4681,128.9203,-29.03,89,100,3.64,RU,1708230429
376,whangarei,-35.7317,174.3239,23.02,54,100,1.47,NZ,1708230429
377,tangalle,6.024,80.7911,30.09,64,44,4.53,LK,1708230429
378,asikkala,61.2167,25.5,-7.82,88,6,5.24,FI,1708230430
379,hobyo,5.3505,48.5268,26.2,71,88,7.26,SO,1708230431
380,ubari,26.5921,12.7805,12.5,29,34,5.76,LY,1708230431
381,dunedin,-45.8742,170.5036,22.51,50,9,3.89,NZ,1708230332
382,juneau,58.3019,-134.4197,6.17,100,100,0.0,US,1708230432
383,conde,-7.2597,-34.9075,26.7,94,40,0.0,BR,1708230432
384,nova sintra,14.8667,-24.7167,20.8,80,0,9.9,CV,1708230433
385,san fernando de apure,7.8878,-67.4724,28.85,44,29,2.12,VE,1708230433
386,pointe-noire,-4.7761,11.8635,25.87,85,100,1.65,CG,1708230434
387,papao,-17.75,-149.55,29.82,80,97,9.07,PF,1708230434
388,obock,12.25,43.0833,20.16,86,56,6.0,DJ,1708230435
389,pangai,-19.8,-174.35,27.22,71,14,9.47,TO,1708230436
390,crane,31.3974,-102.3501,3.16,39,49,3.71,US,1708230436
391,corralillo,22.9819,-80.5856,22.08,90,45,3.7,CU,1708230437
392,nurota,40.5614,65.6886,-1.76,97,100,0.16,UZ,1708230253
393,baiao,-2.7906,-49.6717,23.38,99,65,1.04,BR,1708230437
394,la passe,45.5549,-0.8967,7.21,86,100,2.05,FR,1708230438
395,nsanje,-16.92,35.262,23.65,97,74,1.47,MW,1708230439
396,cranbrook,49.4999,-115.7688,-12.09,79,20,2.57,CA,1708230440
397,rovaniemi,66.5,25.7167,-8.33,79,0,5.14,FI,1708230440
398,betio village,1.358,172.9211,31.02,80,98,6.41,KI,1708230440
399,vila franca do campo,37.7167,-25.4333,18.27,99,100,1.54,PT,1708230441
400,yuzhno-kurilsk,44.0306,145.8556,-0.35,78,7,6.74,RU,1708230441
401,klyuchi,52.2667,79.1667,-21.59,93,100,2.71,RU,1708230442
402,kamaishi,39.2667,141.8833,11.8,57,11,4.2,JP,1708230442
403,oyama,36.3,139.8,15.19,50,44,3.1,JP,1708230443
404,khawr fakkan,25.3313,56.342,28.03,59,11,5.95,AE,1708230443
405,kita,13.0349,-9.4895,23.04,13,1,2.24,ML,1708230443
406,okhotsk,59.3833,143.3,-19.21,88,100,2.43,RU,1708230444
407,uttaradit,17.6667,100.5,31.19,39,100,2.47,TH,1708230444
408,el porvenir,13.7617,-87.3458,21.53,76,4,0.63,HN,1708230445
409,tazacorte,28.629,-17.9293,21.19,54,100,8.75,ES,1708230445
410,kalanchak,46.2562,33.2907,-0.23,86,58,0.38,UA,1708230446
411,cabedelo,-6.9811,-34.8339,27.37,83,11,3.0,BR,1708230446
412,midvagur,62.0511,-7.1939,6.46,100,100,3.6,FO,1708230447
413,el abiodh sidi cheikh,32.893,0.5484,9.97,70,94,9.46,DZ,1708230447
414,conceicao da barra,-18.5933,-39.7322,23.62,96,85,1.93,BR,1708230447
415,dolores,-36.3132,-57.6792,18.71,96,0,2.39,AR,1708230283
416,ma'an,26.9775,110.7211,23.77,59,39,1.97,CN,1708230449
417,bathsheba,13.2167,-59.5167,26.34,73,40,7.72,BB,1708230449
418,cidade velha,14.9167,-23.6167,22.26,78,0,7.2,CV,1708230450
419,manta,-0.95,-80.7333,26.88,83,75,6.71,EC,1708230450
420,macomb,40.4592,-90.6718,-5.65,68,0,9.26,US,1708230450
421,copala,16.65,-98.9833,22.35,66,100,1.49,MX,1708230451
422,kushiro,42.975,144.3747,0.53,74,20,6.69,JP,1708230451
423,tsiombe,-25.3,45.4833,24.69,82,45,7.98,MG,1708230452
424,taltal,-25.4,-70.4833,20.38,83,68,1.03,CL,1708230452
425,mejit,10.2753,170.8646,26.72,82,38,7.73,MH,1708230453
426,saint-tropez,43.2693,6.6398,11.66,69,5,1.54,FR,1708230453
427,chemolgan,43.1897,76.5292,-18.19,80,100,0.35,KZ,1708230454
428,port saint john's,-31.6229,29.5448,20.13,89,100,0.59,ZA,1708230454
429,porto cristo,39.5395,3.333,10.73,88,0,4.55,ES,1708230455
430,mafinga,-7.25,35.0667,19.59,95,100,1.02,TZ,1708230455
431,nogliki,51.8333,143.1667,-3.7,93,100,2.24,RU,1708230456
432,sao joao del rei,-21.1356,-44.2617,18.15,96,58,1.25,BR,1708230456
433,phan rang-thap cham,11.5667,108.9833,31.08,50,16,4.52,VN,1708230456
434,kone,-21.0595,164.8658,29.17,61,82,3.03,NC,1708230457
435,nzega,-2.479,29.5564,13.7,91,99,1.93,RW,1708230457
436,pacific grove,36.6177,-121.9166,14.65,86,100,8.94,US,1708230458
437,pemangkat,1.1667,108.9667,28.13,76,98,1.67,ID,1708230458
438,kincardine,56.0667,-3.7167,10.31,88,100,3.56,GB,1708230459
439,tralee,52.2704,-9.7026,9.92,95,67,2.15,IE,1708230459
440,constantia,44.1833,28.65,3.38,86,92,1.22,RO,1708230460
441,kayangel,8.0823,134.7173,27.41,80,76,8.5,PW,1708230460
442,mayya,61.7333,130.2811,-32.05,91,100,3.54,RU,1708230461
443,aitape,-3.1374,142.3475,30.05,70,92,3.05,PG,1708230461
444,codrington,-38.2667,141.9667,21.63,51,86,4.81,AU,1708230461
445,saint-philippe,-21.3585,55.7679,27.77,82,95,7.48,RE,1708230462
446,sinabang,2.4803,96.3801,28.2,81,99,4.13,ID,1708230463
447,severo-yeniseyskiy,60.3725,93.0408,-28.01,95,93,0.45,RU,1708230464
448,tiruvallur,13.15,79.9167,27.8,59,81,1.85,IN,1708230464
449,villa madero,19.4,-101.2667,9.5,79,69,0.67,MX,1708230464
450,namsos,64.4662,11.4957,2.03,93,100,2.57,NO,1708230465
451,guerrero negro,27.9769,-114.0611,15.7,82,19,6.78,MX,1708230465
452,ad dabbah,18.05,30.95,13.7,32,15,4.05,SD,1708230466
453,pitkyaranta,61.5734,31.4792,-4.16,86,97,6.57,RU,1708230466
454,boras,57.721,12.9401,-0.95,71,100,2.83,SE,1708230466
455,tateyama,34.9833,139.8667,15.04,62,90,2.89,JP,1708230467
456,port huron,42.9709,-82.4249,-5.87,63,100,6.69,US,1708230468
457,phetchaburi,12.9667,99.5833,33.27,43,74,2.05,TH,1708230469
458,lichtenau,51.6167,8.9,7.1,89,67,2.47,DE,1708230469
459,broken hill,-31.95,141.4333,35.92,14,4,3.38,AU,1708230469
460,uray,60.1247,64.7758,-22.8,99,45,3.39,RU,1708230470
461,celestun,20.8667,-90.4,23.33,91,70,4.44,MX,1708230470
462,srinagar,34.0833,74.8167,5.19,91,100,0.98,IN,1708230471
463,kijang,35.2442,129.2139,12.85,79,59,4.3,KR,1708230471
464,pultusk,52.7025,21.0828,3.15,83,100,3.11,PL,1708230472
465,kalmunai,7.4167,81.8167,27.49,73,81,4.92,LK,1708230472
466,soanierana ivongo,-16.9167,49.5833,25.72,91,99,3.3,MG,1708230472
467,pratapgarh,24.0333,74.7833,24.24,20,0,1.03,IN,1708230473
468,uribia,11.7139,-72.266,26.87,67,1,4.57,CO,1708230473
469,verdun,49.25,5.3333,5.45,89,100,1.3,FR,1708230474
470,porto seguro,-16.4497,-39.0647,24.29,88,100,3.6,BR,1708230474
471,ar rutbah,33.0381,40.2848,7.35,89,14,3.69,IQ,1708230475
472,sokoni,-6.4333,39.55,28.34,79,96,4.73,TZ,1708230475
473,mugia,43.1041,-9.2179,12.73,91,100,2.65,ES,1708230475
474,mahanoro,-19.9,48.8,25.28,91,100,4.52,MG,1708230476
475,am timan,11.0297,20.2827,22.82,25,59,2.85,TD,1708230476
476,inarajan village,13.2736,144.7484,30.55,82,26,6.36,GU,1708230477
477,kayyerkan,69.3786,87.7439,-24.84,69,100,3.94,RU,1708230477
478,shimoda,34.6667,138.95,16.2,74,88,3.36,JP,1708230477
479,san angelo,31.4638,-100.437,1.12,65,0,5.14,US,1708230227
480,zaysan,47.4667,84.8667,-26.9,94,72,1.17,KZ,1708230478
481,newman,37.3138,-121.0208,13.13,90,96,2.24,US,1708230479
482,majene,-3.5403,118.9707,28.43,70,100,0.5,ID,1708230479
483,kozel'sk,54.0375,35.7716,0.96,99,100,5.18,RU,1708230480
484,springbok,-29.6643,17.8865,15.54,36,0,1.94,ZA,1708230480
485,pudozh,61.8099,36.5345,-7.25,89,87,4.02,RU,1708230480
486,cadale,2.7603,46.3222,26.31,77,26,7.48,SO,1708230481
487,rawson,-43.3002,-65.1023,16.95,58,0,4.4,AR,1708230481
488,castillos,-34.1667,-53.8333,21.76,97,16,2.99,UY,1708230482
489,diu,20.7141,70.9822,26.91,38,7,1.93,IN,1708230482
490,plastun,44.7561,136.2939,5.91,71,53,2.51,RU,1708230482
491,correntina,-13.3433,-44.6367,21.09,89,94,1.15,BR,1708230483
492,beloslav,43.1833,27.7,3.06,87,100,2.57,BG,1708230484
493,gwadar,25.1216,62.3254,23.47,69,26,5.73,PK,1708230484
494,bowen,-20.0167,148.2333,29.61,65,100,8.06,AU,1708230484
495,santa maria,-29.6842,-53.8069,20.04,97,1,2.92,BR,1708230485
496,rodino,52.5,80.25,-21.32,94,100,2.22,RU,1708230485
497,kilju,40.9642,129.3278,8.33,56,13,2.17,KP,1708230486
498,new norfolk,-42.7826,147.0587,25.95,35,11,4.92,AU,1708230486
499,sao joao da barra,-21.6403,-41.0511,23.89,90,87,2.01,BR,1708230487
500,al ghayzah,16.2079,52.176,23.02,73,16,0.76,YE,1708230488
501,dongguan,23.0489,113.7447,24.95,52,87,6.06,CN,1708230488
502,bada,51.392,109.8717,-24.5,79,100,5.36,RU,1708230489
503,xaltianguis,17.0667,-99.8333,19.73,89,95,1.58,MX,1708230489
504,khilok,51.3674,110.4676,-24.56,78,100,5.3,RU,1708230490
505,nuuk,64.1835,-51.7216,4.34,65,75,9.26,GL,1708230490
506,enoch,37.7733,-113.0244,4.15,69,100,1.54,US,1708230440
507,dunay,42.8803,132.3375,7.07,90,25,6.77,RU,1708230491
508,misratah,32.3754,15.0925,16.02,74,100,5.73,LY,1708230491
509,phang nga,8.4509,98.5298,31.02,41,79,2.12,TH,1708230492
510,yala,6.3333,101.25,32.11,52,99,2.16,TH,1708230492
511,natal,-5.795,-35.2094,27.12,89,20,2.06,BR,1708230493
512,pavlikeni,43.2428,25.3219,-4.43,84,6,1.42,BG,1708230493
513,shihezi,44.3,86.0333,-22.41,93,100,1.3,CN,1708230494
514,wanning,18.8003,110.3967,25.66,70,44,6.22,CN,1708230494
515,tianpeng,30.9866,103.9393,17.26,47,0,2.05,CN,1708230494
516,edson,53.5835,-116.4356,-4.92,50,0,3.09,CA,1708230495
517,kharkhorin,47.1975,102.8238,-24.71,88,94,0.74,MN,1708230495
518,fort morgan,40.2503,-103.8,-5.32,86,0,5.14,US,1708230496
519,kegen,43.0197,79.2203,-18.19,78,99,1.78,KZ,1708230496
520,imbituva,-25.23,-50.6044,16.3,99,77,0.82,BR,1708230483
521,kirakira,-10.4544,161.9205,30.41,75,95,3.27,SB,1708230498
522,contamana,-7.3333,-75.0167,24.08,95,97,0.58,PE,1708230498
523,manismata,-2.4667,111.0333,29.3,79,65,1.13,ID,1708230499
524,mokhotlong,-29.2894,29.0675,11.17,41,0,1.39,LS,1708230499
525,kill devil hills,36.0307,-75.676,4.99,61,100,3.09,US,1708230500
526,kununurra,-15.7667,128.7333,35.99,63,40,3.09,AU,1708230500
527,hammerfest,70.6634,23.6821,-1.75,86,75,2.06,NO,1708230500
528,afif,23.9065,42.9172,11.5,43,2,3.09,SA,1708230501
529,porto novo,6.4965,2.6036,27.9,86,100,2.15,BJ,1708230501
530,sotouboua,8.5667,0.9833,25.44,37,99,0.36,TG,1708230502
531,kyren,51.6828,102.1408,-22.81,84,100,0.45,RU,1708230502
532,sao vicente,-23.9631,-46.3919,26.1,26,7,1.38,BR,1708230217
533,qaisumah,28.3112,46.1273,9.98,81,0,1.54,SA,1708230503
534,kievka,50.2619,71.5514,-28.86,98,31,1.33,KZ,1708230504
535,campbell river,50.0163,-125.2446,5.74,87,100,2.57,CA,1708230504
536,batang,-6.4846,110.7083,29.37,73,84,2.37,ID,1708230504
537,port blair,11.6667,92.75,30.02,62,67,5.66,IN,1708230505
538,grand falls-windsor,48.9332,-55.6649,-13.55,98,84,1.45,CA,1708230505
539,callao,-12.0667,-77.15,25.95,78,0,5.66,PE,1708230506
540,polyarnyy,69.1989,33.4478,-0.74,69,100,14.13,RU,1708230506
541,dar es salaam,-6.8235,39.2695,27.45,83,90,2.63,TZ,1708230240
542,pimentel,-6.8367,-79.9342,26.16,73,40,6.69,PE,1708230507
543,revda,56.801,59.9303,-15.96,82,10,2.95,RU,1708230508
544,linqu,36.5156,118.5397,11.64,85,100,3.21,CN,1708230508
545,nizhneudinsk,54.9076,99.0276,-21.23,80,100,0.83,RU,1708230508
546,kukawa,12.9234,13.5606,20.09,47,99,4.22,NG,1708230509
547,la sarre,48.8002,-79.1996,-15.41,93,100,4.25,CA,1708230509
548,thinadhoo,0.5333,72.9333,27.41,82,100,8.37,MV,1708230510
549,shaoguan,24.8,113.5833,23.87,21,100,4.35,CN,1708230510
550,kenora,49.8167,-94.4337,-5.46,73,20,5.14,CA,1708230511
551,port douglas,-16.4833,145.4667,28.22,79,100,5.65,AU,1708230511
552,sovetskaya gavan',48.9723,140.2878,2.84,82,100,1.6,RU,1708230512
553,santa vitoria do palmar,-33.5189,-53.3681,22.71,94,49,3.73,BR,1708230512
554,tanquian de escobedo,21.6167,-98.6333,12.8,91,100,4.79,MX,1708230513
555,sergeyevka,53.88,67.4158,-29.51,100,49,1.69,KZ,1708230514
556,rosarito,32.3333,-117.0333,13.01,79,100,2.46,MX,1708230324
557,paghman,34.5875,68.9533,1.03,98,100,1.83,AF,1708230514
558,halmstad,56.6745,12.8568,1.68,74,100,3.09,SE,1708230515
559,priozersk,61.0393,30.1291,-3.84,77,99,6.03,RU,1708230515
560,sabang,5.8933,95.3214,28.18,77,73,8.39,ID,1708230516
561,batangafo,7.3008,18.2833,22.1,26,100,1.26,CF,1708230517
562,ataq,14.5377,46.8319,20.15,58,17,2.37,YE,1708230517
563,aplahoue,6.9333,1.6833,26.09,85,92,1.95,BJ,1708230518
564,san andres,12.5847,-81.7006,28.01,78,20,3.6,CO,1708230518
